p_ID,project-name,username,total-views,total-remixes,total-favorites,total-loves,is-remix,Remixed-from,Abstraction,Parallelism,Logic,Synchronization,FlowControl,UserInteractivity,DataRepresentation,Mastery,Clones,CustomBlocks,InstancesSprites,URL,
10519701,adfs move seens (powne) WARNING 2 YEARS OLD AND BAD,titowulk,4,0,0,0,0,NULL,NULL,NULL,NULL,NULL,NULL,NULL,NULL,NULL,NULL,NULL,NULL,https://scratch.mit.edu/projects/10519701,
10541430,Full 16 Frame Scratch Cat Walk Cycle ,titowulk,2,0,0,0,0,4,5,6,62,30,62,62,62,32,NULL,NULL,NULL,https://scratch.mit.edu/projects/10541430,
10942522,The Audience is now Deaf remix,LimeGreenFlix,3,0,0,0,0,NULL,NULL,NULL,NULL,NULL,NULL,NULL,NULL,NULL,NULL,NULL,NULL,https://scratch.mit.edu/projects/10942522,
11823040,patriotoic illusion!,Mjayden,25,0,0,0,0,51,320,651,20,51,30,1,0,51,NULL,NULL,NULL,https://scratch.mit.edu/projects/11823040,
11828235,Untitled copy,Luka06,1,0,0,0,0,NULL,NULL,NULL,NULL,NULL,NULL,NULL,NULL,NULL,NULL,NULL,NULL,https://scratch.mit.edu/projects/11828235,
12030146,The Ferrari,jokor,15,0,2,2,0,NULL,NULL,NULL,NULL,NULL,NULL,NULL,NULL,NULL,NULL,NULL,NULL,https://scratch.mit.edu/projects/12030146,
12093755,Untitled,able_arellano,1,0,0,0,0,NULL,NULL,NULL,NULL,NULL,NULL,NULL,NULL,NULL,NULL,NULL,NULL,https://scratch.mit.edu/projects/12093755,
12237615,Old project that I reprogrammed,Robotboy01,4,0,0,0,0,NULL,NULL,NULL,NULL,NULL,NULL,NULL,NULL,NULL,NULL,NULL,NULL,https://scratch.mit.edu/projects/12237615,
12256407,Rhombe,PHEINRICH,2,0,0,0,0,NULL,NULL,NULL,NULL,NULL,NULL,NULL,NULL,NULL,NULL,NULL,NULL,https://scratch.mit.edu/projects/12256407,
12441584,Tank Game,agentfire170,3,0,0,0,0,NULL,NULL,NULL,NULL,NULL,NULL,NULL,NULL,NULL,NULL,NULL,NULL,https://scratch.mit.edu/projects/12441584,
12596438,Warrior cat breeding center not quite Remix,DanaMC,2,0,0,0,0,NULL,NULL,NULL,NULL,NULL,NULL,NULL,NULL,NULL,NULL,NULL,NULL,https://scratch.mit.edu/projects/12596438,
12596590,"2 cats of bayclan warrior dnd,",DanaMC,2,0,0,0,0,NULL,NULL,NULL,NULL,NULL,NULL,NULL,NULL,NULL,NULL,NULL,NULL,https://scratch.mit.edu/projects/12596590,
12597047,Warrior Cats Medicine 0.2.1,DanaMC,3,0,0,0,0,NULL,NULL,NULL,NULL,NULL,NULL,NULL,NULL,NULL,NULL,NULL,NULL,https://scratch.mit.edu/projects/12597047,
12597397,"My warrior dnd family tree,",DanaMC,4,0,0,0,0,NULL,NULL,NULL,NULL,NULL,NULL,NULL,NULL,NULL,NULL,NULL,NULL,https://scratch.mit.edu/projects/12597397,
12683181,CLickR,Sonicmax33,7,0,0,1,0,NULL,NULL,NULL,NULL,NULL,NULL,NULL,NULL,NULL,NULL,NULL,NULL,https://scratch.mit.edu/projects/12683181,
13223646,Shark and Fish,arti3,4,0,0,1,0,NULL,NULL,NULL,NULL,NULL,NULL,NULL,NULL,NULL,NULL,NULL,NULL,https://scratch.mit.edu/projects/13223646,
13357844,draw shapes \/ dessiner des formes,kaebee,2,0,0,0,0,NULL,NULL,NULL,NULL,NULL,NULL,NULL,NULL,NULL,NULL,NULL,NULL,https://scratch.mit.edu/projects/13357844,
13618241,you are what you eat,epicbattler,0,0,0,0,0,NULL,NULL,NULL,NULL,NULL,NULL,NULL,NULL,NULL,NULL,NULL,NULL,https://scratch.mit.edu/projects/13618241,
14073938,Splat the Cat,Cranberry2000,11,0,1,1,0,NULL,NULL,NULL,NULL,NULL,NULL,NULL,NULL,NULL,NULL,NULL,NULL,https://scratch.mit.edu/projects/14073938,
14125270,add yourself screaming on the ferris wheel remix remix remix remix,lexibartosiak,1,0,0,0,0,NULL,NULL,NULL,NULL,NULL,NULL,NULL,NULL,NULL,NULL,NULL,NULL,https://scratch.mit.edu/projects/14125270,
14137046,AveMaria7 v.03 copy,KismetWelkin,6,0,0,0,0,NULL,NULL,NULL,NULL,NULL,NULL,NULL,NULL,NULL,NULL,NULL,NULL,https://scratch.mit.edu/projects/14137046,
14161862,Trouble at the Pizza Parlor remix,Kidsy128,3,0,0,0,0,NULL,NULL,NULL,NULL,NULL,NULL,NULL,NULL,NULL,NULL,NULL,NULL,https://scratch.mit.edu/projects/14161862,
14742679,Maze???,LawlessH5755,4,0,0,0,0,NULL,NULL,NULL,NULL,NULL,NULL,NULL,NULL,NULL,NULL,NULL,NULL,https://scratch.mit.edu/projects/14742679,
14860321,Feet OS 0.2.1 Alpha 2,ROBLOXian123,0,1,0,0,0,NULL,NULL,NULL,NULL,NULL,NULL,NULL,NULL,NULL,NULL,NULL,NULL,https://scratch.mit.edu/projects/14860321,
15032542,Drop Everything and Code remix,sfanishag,2,0,0,0,0,NULL,NULL,NULL,NULL,NULL,NULL,NULL,NULL,NULL,NULL,NULL,NULL,https://scratch.mit.edu/projects/15032542,
15086346,Starlings,chrisg,7,0,4,0,0,NULL,NULL,NULL,NULL,NULL,NULL,NULL,NULL,NULL,NULL,NULL,NULL,https://scratch.mit.edu/projects/15086346,
15118716,pigeon 5B simon,flinthill,4,0,0,0,0,NULL,NULL,NULL,NULL,NULL,NULL,NULL,NULL,NULL,NULL,NULL,NULL,https://scratch.mit.edu/projects/15118716,
15141278,penguin's trampoline,atlanticswamp,11,0,1,1,0,NULL,NULL,NULL,NULL,NULL,NULL,NULL,NULL,NULL,NULL,NULL,NULL,https://scratch.mit.edu/projects/15141278,
15163360,Merry Xmas,mavb,15,0,0,0,0,NULL,NULL,NULL,NULL,NULL,NULL,NULL,NULL,NULL,NULL,NULL,NULL,https://scratch.mit.edu/projects/15163360,
15187520,The Button Band,175576,1,0,0,0,0,NULL,NULL,NULL,NULL,NULL,NULL,NULL,NULL,NULL,NULL,NULL,NULL,https://scratch.mit.edu/projects/15187520,
15296441,Untitled-2,zippy7894561230,5,0,0,0,0,NULL,NULL,NULL,NULL,NULL,NULL,NULL,NULL,NULL,NULL,NULL,NULL,https://scratch.mit.edu/projects/15296441,
15529084,EgelerTom baseball Loop Degree,tegeler,14,0,0,0,0,NULL,NULL,NULL,NULL,NULL,NULL,NULL,NULL,NULL,NULL,NULL,NULL,https://scratch.mit.edu/projects/15529084,
15548188,Binary_Game2-2,tegeler,2,0,0,0,0,NULL,NULL,NULL,NULL,NULL,NULL,NULL,NULL,NULL,NULL,NULL,NULL,https://scratch.mit.edu/projects/15548188,
15591364,Yolo,mut222,2,0,0,0,0,NULL,NULL,NULL,NULL,NULL,NULL,NULL,NULL,NULL,NULL,NULL,NULL,https://scratch.mit.edu/projects/15591364,
15592031,Idk,mut222,1,0,0,0,0,NULL,NULL,NULL,NULL,NULL,NULL,NULL,NULL,NULL,NULL,NULL,NULL,https://scratch.mit.edu/projects/15592031,
15649432,ExPod v.01,Extremguy,2,0,0,0,0,NULL,NULL,NULL,NULL,NULL,NULL,NULL,NULL,NULL,NULL,NULL,NULL,https://scratch.mit.edu/projects/15649432,
15819791,Ακολουθώ τον δείκτη,dimpapp,1,0,0,0,0,NULL,NULL,NULL,NULL,NULL,NULL,NULL,NULL,NULL,NULL,NULL,NULL,https://scratch.mit.edu/projects/15819791,
15819951,Το Νησί του Θησαυρού 2,dimpapp,1,0,0,0,0,NULL,NULL,NULL,NULL,NULL,NULL,NULL,NULL,NULL,NULL,NULL,NULL,https://scratch.mit.edu/projects/15819951,
15831642,Untitled,funkyfish1,1,0,0,0,0,NULL,NULL,NULL,NULL,NULL,NULL,NULL,NULL,NULL,NULL,NULL,NULL,https://scratch.mit.edu/projects/15831642,
15970357,Untitled,jenaheven,3,0,0,0,0,NULL,NULL,NULL,NULL,NULL,NULL,NULL,NULL,NULL,NULL,NULL,NULL,https://scratch.mit.edu/projects/15970357,
16180058,ΟΛΥΜΠΙΑΚΗ ΓΑΤΑ,dimpapp,1,0,0,0,0,NULL,NULL,NULL,NULL,NULL,NULL,NULL,NULL,NULL,NULL,NULL,NULL,https://scratch.mit.edu/projects/16180058,
16198429,κύκλος με μεταβλητή ακτίνα,dimpapp,1,0,0,0,0,NULL,NULL,NULL,NULL,NULL,NULL,NULL,NULL,NULL,NULL,NULL,NULL,https://scratch.mit.edu/projects/16198429,
16198525,τετράγωνο με επανάληψη,dimpapp,0,0,0,0,0,NULL,NULL,NULL,NULL,NULL,NULL,NULL,NULL,NULL,NULL,NULL,NULL,https://scratch.mit.edu/projects/16198525,
16306675,My First Game,Creeperzom90,35,0,0,0,0,NULL,NULL,NULL,NULL,NULL,NULL,NULL,NULL,NULL,NULL,NULL,NULL,https://scratch.mit.edu/projects/16306675,
16661772,Maze,dimpapp,2,0,0,0,0,NULL,NULL,NULL,NULL,NULL,NULL,NULL,NULL,NULL,NULL,NULL,NULL,https://scratch.mit.edu/projects/16661772,
16661794,Maze Starter,dimpapp,2,0,0,0,0,NULL,NULL,NULL,NULL,NULL,NULL,NULL,NULL,NULL,NULL,NULL,NULL,https://scratch.mit.edu/projects/16661794,
16661984,Paper Minecraft v8.1 (2D Minecraft) remix,dimpapp,1,0,0,0,0,NULL,NULL,NULL,NULL,NULL,NULL,NULL,NULL,NULL,NULL,NULL,NULL,https://scratch.mit.edu/projects/16661984,
16751890,dance partay,minecraft4meh,9,0,0,0,0,NULL,NULL,NULL,NULL,NULL,NULL,NULL,NULL,NULL,NULL,NULL,NULL,https://scratch.mit.edu/projects/16751890,
16767928,Untitled-81,yamatomato,3,0,0,0,0,NULL,NULL,NULL,NULL,NULL,NULL,NULL,NULL,NULL,NULL,NULL,NULL,https://scratch.mit.edu/projects/16767928,
16774433,Old song radio,janhig22,0,0,1,1,0,NULL,NULL,NULL,NULL,NULL,NULL,NULL,NULL,NULL,NULL,NULL,NULL,https://scratch.mit.edu/projects/16774433,
17062315,Asteroids!!,FlyffyMonkey,10,0,0,0,0,NULL,NULL,NULL,NULL,NULL,NULL,NULL,NULL,NULL,NULL,NULL,NULL,https://scratch.mit.edu/projects/17062315,
17289403,Maze,squidhead65,1,0,0,0,0,NULL,NULL,NULL,NULL,NULL,NULL,NULL,NULL,NULL,NULL,NULL,NULL,https://scratch.mit.edu/projects/17289403,
17290000,Nyan Swag,squidhead65,6,0,0,0,0,NULL,NULL,NULL,NULL,NULL,NULL,NULL,NULL,NULL,NULL,NULL,NULL,https://scratch.mit.edu/projects/17290000,
17386637,Airplane alpha testing,eliseevandrey2005,14,0,0,0,0,NULL,NULL,NULL,NULL,NULL,NULL,NULL,NULL,NULL,NULL,NULL,NULL,https://scratch.mit.edu/projects/17386637,
17622951,Cramps!!!,aisgzGZ,3,0,0,0,0,NULL,NULL,NULL,NULL,NULL,NULL,NULL,NULL,NULL,NULL,NULL,NULL,https://scratch.mit.edu/projects/17622951,
17647115,ICE OS Console,63penguin,13,0,1,1,0,NULL,NULL,NULL,NULL,NULL,NULL,NULL,NULL,NULL,NULL,NULL,NULL,https://scratch.mit.edu/projects/17647115,
17816709, dance party,gsfssb,3,0,0,0,0,NULL,NULL,NULL,NULL,NULL,NULL,NULL,NULL,NULL,NULL,NULL,NULL,https://scratch.mit.edu/projects/17816709,
18312831,Internal Platformer 1 : Heart,H4cker,36,0,0,0,0,NULL,NULL,NULL,NULL,NULL,NULL,NULL,NULL,NULL,NULL,NULL,NULL,https://scratch.mit.edu/projects/18312831,
18472138,Untitled-7,SmoakSignals,1,0,0,0,0,NULL,NULL,NULL,NULL,NULL,NULL,NULL,NULL,NULL,NULL,NULL,NULL,https://scratch.mit.edu/projects/18472138,
18560469,Ping-Pong,lego11105,106,0,3,2,0,NULL,NULL,NULL,NULL,NULL,NULL,NULL,NULL,NULL,NULL,NULL,NULL,https://scratch.mit.edu/projects/18560469,
18560642,shooting bad shot,thomas2611,4,0,0,0,0,NULL,NULL,NULL,NULL,NULL,NULL,NULL,NULL,NULL,NULL,NULL,NULL,https://scratch.mit.edu/projects/18560642,
18636660,Untitled-7,roman2006,4,0,0,0,0,NULL,NULL,NULL,NULL,NULL,NULL,NULL,NULL,NULL,NULL,NULL,NULL,https://scratch.mit.edu/projects/18636660,
18637871,Untitled-8,roman2006,1,0,1,1,0,NULL,NULL,NULL,NULL,NULL,NULL,NULL,NULL,NULL,NULL,NULL,NULL,https://scratch.mit.edu/projects/18637871,
18675494,My Character,mlmsteach,6,0,0,0,0,NULL,NULL,NULL,NULL,NULL,NULL,NULL,NULL,NULL,NULL,NULL,NULL,https://scratch.mit.edu/projects/18675494,
18711726,iduno.EXE,titowulk,3,0,0,0,0,NULL,NULL,NULL,NULL,NULL,NULL,NULL,NULL,NULL,NULL,NULL,NULL,https://scratch.mit.edu/projects/18711726,
18763210,"much egg, so catch",aaditya45,1,0,0,0,0,NULL,NULL,NULL,NULL,NULL,NULL,NULL,NULL,NULL,NULL,NULL,NULL,https://scratch.mit.edu/projects/18763210,
18806652,BILARD,zwicher,1,0,0,0,0,NULL,NULL,NULL,NULL,NULL,NULL,NULL,NULL,NULL,NULL,NULL,NULL,https://scratch.mit.edu/projects/18806652,
18851372,08-Flappy Parrot,fletch49er,52,1,0,0,0,NULL,NULL,NULL,NULL,NULL,NULL,NULL,NULL,NULL,NULL,NULL,NULL,https://scratch.mit.edu/projects/18851372,
18856080,Волейбол,kolun,2,0,0,0,0,NULL,NULL,NULL,NULL,NULL,NULL,NULL,NULL,NULL,NULL,NULL,NULL,https://scratch.mit.edu/projects/18856080,
18956179,The addictinggame remix,lepord85,0,0,0,0,0,NULL,NULL,NULL,NULL,NULL,NULL,NULL,NULL,NULL,NULL,NULL,NULL,https://scratch.mit.edu/projects/18956179,
19281509,Derrick-James Chang 2,mrhhern,12,0,0,0,0,NULL,NULL,NULL,NULL,NULL,NULL,NULL,NULL,NULL,NULL,NULL,NULL,https://scratch.mit.edu/projects/19281509,
19346754,Dress Up Lily,tonoe,51,0,1,0,0,NULL,NULL,NULL,NULL,NULL,NULL,NULL,NULL,NULL,NULL,NULL,NULL,https://scratch.mit.edu/projects/19346754,
19347202,how to draw meh,eveelover13556,2,0,0,0,0,NULL,NULL,NULL,NULL,NULL,NULL,NULL,NULL,NULL,NULL,NULL,NULL,https://scratch.mit.edu/projects/19347202,
19531164,collect the coins,funlearn,0,0,0,0,0,NULL,NULL,NULL,NULL,NULL,NULL,NULL,NULL,NULL,NULL,NULL,NULL,https://scratch.mit.edu/projects/19531164,
19534949,A Magic Wand Story,gitu77,7,0,0,0,0,NULL,NULL,NULL,NULL,NULL,NULL,NULL,NULL,NULL,NULL,NULL,NULL,https://scratch.mit.edu/projects/19534949,
19589342,GAME TIME!!!,RhysIsAwesome,8,0,0,0,0,NULL,NULL,NULL,NULL,NULL,NULL,NULL,NULL,NULL,NULL,NULL,NULL,https://scratch.mit.edu/projects/19589342,
19799958,How to save a life remix,jerscott,18,0,0,0,0,NULL,NULL,NULL,NULL,NULL,NULL,NULL,NULL,NULL,NULL,NULL,NULL,https://scratch.mit.edu/projects/19799958,
19883976,Untitled-2,able_arellano,1,0,0,0,0,NULL,NULL,NULL,NULL,NULL,NULL,NULL,NULL,NULL,NULL,NULL,NULL,https://scratch.mit.edu/projects/19883976,
20058771,3\/30\/2014,mineswaft,0,0,0,0,0,NULL,NULL,NULL,NULL,NULL,NULL,NULL,NULL,NULL,NULL,NULL,NULL,https://scratch.mit.edu/projects/20058771,
20522740,Snow,aweelon,1,0,0,0,0,NULL,NULL,NULL,NULL,NULL,NULL,NULL,NULL,NULL,NULL,NULL,NULL,https://scratch.mit.edu/projects/20522740,
20706418,Untitled-2,ericsko,1,0,0,0,0,NULL,NULL,NULL,NULL,NULL,NULL,NULL,NULL,NULL,NULL,NULL,NULL,https://scratch.mit.edu/projects/20706418,
20708751,The Adventure of Blackee ,gitu77,2,0,0,0,0,NULL,NULL,NULL,NULL,NULL,NULL,NULL,NULL,NULL,NULL,NULL,NULL,https://scratch.mit.edu/projects/20708751,
21003299,Quiz,CateTheGr8,6,0,1,0,0,NULL,NULL,NULL,NULL,NULL,NULL,NULL,NULL,NULL,NULL,NULL,NULL,https://scratch.mit.edu/projects/21003299,
21019413,program  1,madeleinejoy,6,0,0,0,0,NULL,NULL,NULL,NULL,NULL,NULL,NULL,NULL,NULL,NULL,NULL,NULL,https://scratch.mit.edu/projects/21019413,
21086973,Starfish on the beach,tegeler,2,0,0,0,0,NULL,NULL,NULL,NULL,NULL,NULL,NULL,NULL,NULL,NULL,NULL,NULL,https://scratch.mit.edu/projects/21086973,
21114832,Forgotten ,gitu77,1,0,0,0,0,NULL,NULL,NULL,NULL,NULL,NULL,NULL,NULL,NULL,NULL,NULL,NULL,https://scratch.mit.edu/projects/21114832,
21194845,pong,Georgester37,4,0,0,0,0,NULL,NULL,NULL,NULL,NULL,NULL,NULL,NULL,NULL,NULL,NULL,NULL,https://scratch.mit.edu/projects/21194845,
21349661,Angus,RydeYear2016,6,0,0,0,0,NULL,NULL,NULL,NULL,NULL,NULL,NULL,NULL,NULL,NULL,NULL,NULL,https://scratch.mit.edu/projects/21349661,
21476971,scratch s-16group1,snwrshpr,1,0,0,0,0,NULL,NULL,NULL,NULL,NULL,NULL,NULL,NULL,NULL,NULL,NULL,NULL,https://scratch.mit.edu/projects/21476971,
21477255,Untitled,rb2112,0,0,0,0,0,NULL,NULL,NULL,NULL,NULL,NULL,NULL,NULL,NULL,NULL,NULL,NULL,https://scratch.mit.edu/projects/21477255,
21482185,Maze Starter remix-3,odog2014,5,0,0,0,0,NULL,NULL,NULL,NULL,NULL,NULL,NULL,NULL,NULL,NULL,NULL,NULL,https://scratch.mit.edu/projects/21482185,
21532395,GhostBuster,SkyRabbit,5,0,0,0,0,NULL,NULL,NULL,NULL,NULL,NULL,NULL,NULL,NULL,NULL,NULL,NULL,https://scratch.mit.edu/projects/21532395,
21538338,Untitled-5,pipipipi47,2,0,0,0,0,NULL,NULL,NULL,NULL,NULL,NULL,NULL,NULL,NULL,NULL,NULL,NULL,https://scratch.mit.edu/projects/21538338,
21578441,plane vs vegeta,svillegas129,3,0,0,0,0,NULL,NULL,NULL,NULL,NULL,NULL,NULL,NULL,NULL,NULL,NULL,NULL,https://scratch.mit.edu/projects/21578441,
21667944,dog chasing cat the game.,madeleinejoy,3,0,0,0,0,NULL,NULL,NULL,NULL,NULL,NULL,NULL,NULL,NULL,NULL,NULL,NULL,https://scratch.mit.edu/projects/21667944,
21672166,シューティングゲーム remix-2,ws050601,7,0,0,0,0,NULL,NULL,NULL,NULL,NULL,NULL,NULL,NULL,NULL,NULL,NULL,NULL,https://scratch.mit.edu/projects/21672166,
21883410,cam,RydeYear2017,2,0,0,0,0,NULL,NULL,NULL,NULL,NULL,NULL,NULL,NULL,NULL,NULL,NULL,NULL,https://scratch.mit.edu/projects/21883410,
21890116,3D Minecraft (WIP),dogy131,3,0,0,0,0,NULL,NULL,NULL,NULL,NULL,NULL,NULL,NULL,NULL,NULL,NULL,NULL,https://scratch.mit.edu/projects/21890116,
21915960,"Date, Time, Alarm, and Timer",oliviayellowcat,1,0,0,0,0,NULL,NULL,NULL,NULL,NULL,NULL,NULL,NULL,NULL,NULL,NULL,NULL,https://scratch.mit.edu/projects/21915960,
22175345,Parking Test,GA-7991,4,0,0,0,0,NULL,NULL,NULL,NULL,NULL,NULL,NULL,NULL,NULL,NULL,NULL,NULL,https://scratch.mit.edu/projects/22175345,
22244288,flysquirellio,mateo8,7,0,0,0,0,NULL,NULL,NULL,NULL,NULL,NULL,NULL,NULL,NULL,NULL,NULL,NULL,https://scratch.mit.edu/projects/22244288,
22321403,cat on the moon,Sarahucc,6,0,0,0,0,NULL,NULL,NULL,NULL,NULL,NULL,NULL,NULL,NULL,NULL,NULL,NULL,https://scratch.mit.edu/projects/22321403,
22335593,Dragon,pakalito,0,0,1,1,0,NULL,NULL,NULL,NULL,NULL,NULL,NULL,NULL,NULL,NULL,NULL,NULL,https://scratch.mit.edu/projects/22335593,
22371439,Untitled-6,olivi29,0,0,0,0,0,NULL,NULL,NULL,NULL,NULL,NULL,NULL,NULL,NULL,NULL,NULL,NULL,https://scratch.mit.edu/projects/22371439,
22416667,Taekwondo Ninja,poloPopoyo,9,0,0,0,0,NULL,NULL,NULL,NULL,NULL,NULL,NULL,NULL,NULL,NULL,NULL,NULL,https://scratch.mit.edu/projects/22416667,
22593858,Amanda,RydeYear2016,4,0,0,0,0,NULL,NULL,NULL,NULL,NULL,NULL,NULL,NULL,NULL,NULL,NULL,NULL,https://scratch.mit.edu/projects/22593858,
22656427,Midget Escape,mcgra005,2,0,0,0,0,NULL,NULL,NULL,NULL,NULL,NULL,NULL,NULL,NULL,NULL,NULL,NULL,https://scratch.mit.edu/projects/22656427,
22705735,whack a witch,Sarahucc,7,0,0,0,0,NULL,NULL,NULL,NULL,NULL,NULL,NULL,NULL,NULL,NULL,NULL,NULL,https://scratch.mit.edu/projects/22705735,
22707529,fireworks,Sarahucc,7,0,0,0,0,NULL,NULL,NULL,NULL,NULL,NULL,NULL,NULL,NULL,NULL,NULL,NULL,https://scratch.mit.edu/projects/22707529,
22890514,grade 4 project,mateo8,19,0,0,0,0,NULL,NULL,NULL,NULL,NULL,NULL,NULL,NULL,NULL,NULL,NULL,NULL,https://scratch.mit.edu/projects/22890514,
23012151,An old Project,3dbross,6,0,0,0,0,NULL,NULL,NULL,NULL,NULL,NULL,NULL,NULL,NULL,NULL,NULL,NULL,https://scratch.mit.edu/projects/23012151,
23105860,Mr. Penguin,LucieB_fr,3,0,0,0,0,NULL,NULL,NULL,NULL,NULL,NULL,NULL,NULL,NULL,NULL,NULL,NULL,https://scratch.mit.edu/projects/23105860,
23248451,amy,RydeYear2016,2,0,0,0,0,NULL,NULL,NULL,NULL,NULL,NULL,NULL,NULL,NULL,NULL,NULL,NULL,https://scratch.mit.edu/projects/23248451,
23314974,Untitled-4,scratchranger,1,0,0,0,0,NULL,NULL,NULL,NULL,NULL,NULL,NULL,NULL,NULL,NULL,NULL,NULL,https://scratch.mit.edu/projects/23314974,
23341439,patterns,IndianBoyAnimator,1,0,1,1,0,NULL,NULL,NULL,NULL,NULL,NULL,NULL,NULL,NULL,NULL,NULL,NULL,https://scratch.mit.edu/projects/23341439,
23442969,Final-Müyesser,Myssr,1,0,0,0,0,NULL,NULL,NULL,NULL,NULL,NULL,NULL,NULL,NULL,NULL,NULL,NULL,https://scratch.mit.edu/projects/23442969,
23476512,Platforms,joel_m,1,0,0,0,0,NULL,NULL,NULL,NULL,NULL,NULL,NULL,NULL,NULL,NULL,NULL,NULL,https://scratch.mit.edu/projects/23476512,
23625729,FIGHT!!!!!!!!!!!!!!!!!!!!!!!!!!!!!!!!!!!!!!!!!!!!!!!!!!!!!!!!!!!!!!!!!!!!!!!!!!!!!!!!!!!!!!!!!!!!!!!,ypsva,11,0,1,0,0,NULL,NULL,NULL,NULL,NULL,NULL,NULL,NULL,NULL,NULL,NULL,NULL,https://scratch.mit.edu/projects/23625729,
23783300,"Super-wii-tennis-3,000,000",redbrooke,2,0,0,0,0,NULL,NULL,NULL,NULL,NULL,NULL,NULL,NULL,NULL,NULL,NULL,NULL,https://scratch.mit.edu/projects/23783300,
23809738,SO CRAZY I COULD PLAY ROBLOX AGAIN SBAFDSFJHSDBG remix,Jeff2005,1,0,0,0,0,NULL,NULL,NULL,NULL,NULL,NULL,NULL,NULL,NULL,NULL,NULL,NULL,https://scratch.mit.edu/projects/23809738,
23830376,Black hole gravity simulator,kiofx,16,0,4,1,0,NULL,NULL,NULL,NULL,NULL,NULL,NULL,NULL,NULL,NULL,NULL,NULL,https://scratch.mit.edu/projects/23830376,
23879428,Dodge,schbe2sd,17,0,0,0,0,NULL,NULL,NULL,NULL,NULL,NULL,NULL,NULL,NULL,NULL,NULL,NULL,https://scratch.mit.edu/projects/23879428,
23887080,4v1 Deathmatch UNFINISHED,snake7275,1,0,1,1,0,NULL,NULL,NULL,NULL,NULL,NULL,NULL,NULL,NULL,NULL,NULL,NULL,https://scratch.mit.edu/projects/23887080,
23938450,Untitled-3,archie7980,1,0,0,0,0,NULL,NULL,NULL,NULL,NULL,NULL,NULL,NULL,NULL,NULL,NULL,NULL,https://scratch.mit.edu/projects/23938450,
24047905,Bananas vs Ladybirds (Banana version),monkeychap,1,0,0,0,0,NULL,NULL,NULL,NULL,NULL,NULL,NULL,NULL,NULL,NULL,NULL,NULL,https://scratch.mit.edu/projects/24047905,
24067422,Untitled,madeleinejoy,1,0,0,0,0,NULL,NULL,NULL,NULL,NULL,NULL,NULL,NULL,NULL,NULL,NULL,NULL,https://scratch.mit.edu/projects/24067422,
24084689,Button Escape,JerryTheSlime66,31,0,2,2,0,NULL,NULL,NULL,NULL,NULL,NULL,NULL,NULL,NULL,NULL,NULL,NULL,https://scratch.mit.edu/projects/24084689,
24250158,Party!!!,KeiraCrystal,7,0,1,1,0,NULL,NULL,NULL,NULL,NULL,NULL,NULL,NULL,NULL,NULL,NULL,NULL,https://scratch.mit.edu/projects/24250158,
24390947,THE IMPOSSIBLE QUIZ,NoahTegland,1,0,0,0,0,NULL,NULL,NULL,NULL,NULL,NULL,NULL,NULL,NULL,NULL,NULL,NULL,https://scratch.mit.edu/projects/24390947,
24571853,Windows 59 1.0.4-2,FelixWink99,1,0,0,0,0,NULL,NULL,NULL,NULL,NULL,NULL,NULL,NULL,NULL,NULL,NULL,NULL,https://scratch.mit.edu/projects/24571853,
24622443,Frog Game,aadikuchlous,1,0,0,0,0,NULL,NULL,NULL,NULL,NULL,NULL,NULL,NULL,NULL,NULL,NULL,NULL,https://scratch.mit.edu/projects/24622443,
24636049,FAST FOOD!,NoahTegland,1,0,0,0,0,NULL,NULL,NULL,NULL,NULL,NULL,NULL,NULL,NULL,NULL,NULL,NULL,https://scratch.mit.edu/projects/24636049,
24637739,Pixel Town,NoahTegland,1,0,0,0,0,NULL,NULL,NULL,NULL,NULL,NULL,NULL,NULL,NULL,NULL,NULL,NULL,https://scratch.mit.edu/projects/24637739,
24640285,Scratch on board (a platform game),excelguru,1,0,0,0,0,NULL,NULL,NULL,NULL,NULL,NULL,NULL,NULL,NULL,NULL,NULL,NULL,https://scratch.mit.edu/projects/24640285,
24649469,Prezentacja Biologia,diamenciarz,1,0,0,0,0,NULL,NULL,NULL,NULL,NULL,NULL,NULL,NULL,NULL,NULL,NULL,NULL,https://scratch.mit.edu/projects/24649469,
24694037,Paper minecraft 8.1.1.2(multiplayer) remix-2,swaggydudes,1,0,0,0,0,NULL,NULL,NULL,NULL,NULL,NULL,NULL,NULL,NULL,NULL,NULL,NULL,https://scratch.mit.edu/projects/24694037,
24771716,skateboard time!,Scratchpal123,3,0,0,0,0,NULL,NULL,NULL,NULL,NULL,NULL,NULL,NULL,NULL,NULL,NULL,NULL,https://scratch.mit.edu/projects/24771716,
24900909,sfffff,stakn,1,0,0,0,0,NULL,NULL,NULL,NULL,NULL,NULL,NULL,NULL,NULL,NULL,NULL,NULL,https://scratch.mit.edu/projects/24900909,
24953287,Ice Smash,dak05,5,0,1,0,0,NULL,NULL,NULL,NULL,NULL,NULL,NULL,NULL,NULL,NULL,NULL,NULL,https://scratch.mit.edu/projects/24953287,
24969221,RAKETINIS ŽMOGUS,Mantvis,1,0,0,0,0,NULL,NULL,NULL,NULL,NULL,NULL,NULL,NULL,NULL,NULL,NULL,NULL,https://scratch.mit.edu/projects/24969221,
24993228,Oreo Time!,MarkMcTie-Dye,1,0,1,1,0,NULL,NULL,NULL,NULL,NULL,NULL,NULL,NULL,NULL,NULL,NULL,NULL,https://scratch.mit.edu/projects/24993228,
25008744,Untitled-2,Jon2346,2,0,0,0,0,NULL,NULL,NULL,NULL,NULL,NULL,NULL,NULL,NULL,NULL,NULL,NULL,https://scratch.mit.edu/projects/25008744,
25020672,06 - Desert Rally - blank,boo-boo-baby,1,0,0,0,0,NULL,NULL,NULL,NULL,NULL,NULL,NULL,NULL,NULL,NULL,NULL,NULL,https://scratch.mit.edu/projects/25020672,
25076484,Add Yourself Licking the Screen remix,CreativeCat200,3,0,2,2,0,NULL,NULL,NULL,NULL,NULL,NULL,NULL,NULL,NULL,NULL,NULL,NULL,https://scratch.mit.edu/projects/25076484,
25142995,Paper Minecraft v8.10d (Minecraft 2D) remix,betterhawk,1,0,0,0,0,NULL,NULL,NULL,NULL,NULL,NULL,NULL,NULL,NULL,NULL,NULL,NULL,https://scratch.mit.edu/projects/25142995,
25147453,Gravity Bat Steps,wtmdaes2014,6,0,1,1,0,NULL,NULL,NULL,NULL,NULL,NULL,NULL,NULL,NULL,NULL,NULL,NULL,https://scratch.mit.edu/projects/25147453,
25151472,Smash The Kitchen,DCSElla,15,0,0,0,0,NULL,NULL,NULL,NULL,NULL,NULL,NULL,NULL,NULL,NULL,NULL,NULL,https://scratch.mit.edu/projects/25151472,
25197119,Frog Game copy,aadikuchlous,1,0,0,0,0,NULL,NULL,NULL,NULL,NULL,NULL,NULL,NULL,NULL,NULL,NULL,NULL,https://scratch.mit.edu/projects/25197119,
25240321,Save list (WIP),shmuel3,1,0,0,0,0,NULL,NULL,NULL,NULL,NULL,NULL,NULL,NULL,NULL,NULL,NULL,NULL,https://scratch.mit.edu/projects/25240321,
25320277,Lento-peli,pesukarhu,2,0,0,0,0,NULL,NULL,NULL,NULL,NULL,NULL,NULL,NULL,NULL,NULL,NULL,NULL,https://scratch.mit.edu/projects/25320277,
25373519,First Program - Star,ktbear6,2,0,0,0,0,NULL,NULL,NULL,NULL,NULL,NULL,NULL,NULL,NULL,NULL,NULL,NULL,https://scratch.mit.edu/projects/25373519,
25374437,logo,shmuel3,5,0,0,0,0,NULL,NULL,NULL,NULL,NULL,NULL,NULL,NULL,NULL,NULL,NULL,NULL,https://scratch.mit.edu/projects/25374437,
25382086,勇者メリオダスと魔王ダーブラの使い,sunhodo,1,0,0,0,0,NULL,NULL,NULL,NULL,NULL,NULL,NULL,NULL,NULL,NULL,NULL,NULL,https://scratch.mit.edu/projects/25382086,
25395006,Stop Texting Me  remix,alyssapony1,3,0,0,0,0,NULL,NULL,NULL,NULL,NULL,NULL,NULL,NULL,NULL,NULL,NULL,NULL,https://scratch.mit.edu/projects/25395006,
25400401,picos tricks that are bad!,ktbear6,1,0,0,0,0,NULL,NULL,NULL,NULL,NULL,NULL,NULL,NULL,NULL,NULL,NULL,NULL,https://scratch.mit.edu/projects/25400401,
25406890,Liftoff,Apac123,1,0,0,0,0,NULL,NULL,NULL,NULL,NULL,NULL,NULL,NULL,NULL,NULL,NULL,NULL,https://scratch.mit.edu/projects/25406890,
25473707,Double Up!,super202,3,0,0,0,0,NULL,NULL,NULL,NULL,NULL,NULL,NULL,NULL,NULL,NULL,NULL,NULL,https://scratch.mit.edu/projects/25473707,
25498751,Alien Forest UNFINSIHED,snake7275,1,0,1,1,0,NULL,NULL,NULL,NULL,NULL,NULL,NULL,NULL,NULL,NULL,NULL,NULL,https://scratch.mit.edu/projects/25498751,
25511352,Tag,Dragon_man8,1,0,0,0,0,NULL,NULL,NULL,NULL,NULL,NULL,NULL,NULL,NULL,NULL,NULL,NULL,https://scratch.mit.edu/projects/25511352,
25568030,게임_1,steven_ks,1,0,0,0,0,NULL,NULL,NULL,NULL,NULL,NULL,NULL,NULL,NULL,NULL,NULL,NULL,https://scratch.mit.edu/projects/25568030,
25586944,scary,treeboyc,1,0,0,0,0,NULL,NULL,NULL,NULL,NULL,NULL,NULL,NULL,NULL,NULL,NULL,NULL,https://scratch.mit.edu/projects/25586944,
25602886,P1,majidian11,2,0,0,0,0,NULL,NULL,NULL,NULL,NULL,NULL,NULL,NULL,NULL,NULL,NULL,NULL,https://scratch.mit.edu/projects/25602886,
25625107,avoid rain(very very hard),Nicko04,1,0,1,1,0,NULL,NULL,NULL,NULL,NULL,NULL,NULL,NULL,NULL,NULL,NULL,NULL,https://scratch.mit.edu/projects/25625107,
25657229,Octo Adv.,treeboyc,1,0,0,0,0,NULL,NULL,NULL,NULL,NULL,NULL,NULL,NULL,NULL,NULL,NULL,NULL,https://scratch.mit.edu/projects/25657229,
25720451,Ball Game,20edirel,1,0,0,0,0,NULL,NULL,NULL,NULL,NULL,NULL,NULL,NULL,NULL,NULL,NULL,NULL,https://scratch.mit.edu/projects/25720451,
25755469,Walking cat,redairplane,1,0,0,0,0,NULL,NULL,NULL,NULL,NULL,NULL,NULL,NULL,NULL,NULL,NULL,NULL,https://scratch.mit.edu/projects/25755469,
25772183,Paper Minecraft BY jeremiah shelton,naturalbopkingdlow,1,0,0,0,0,NULL,NULL,NULL,NULL,NULL,NULL,NULL,NULL,NULL,NULL,NULL,NULL,https://scratch.mit.edu/projects/25772183,
25815083,spaceship!,gmanNC,1,0,1,1,0,NULL,NULL,NULL,NULL,NULL,NULL,NULL,NULL,NULL,NULL,NULL,NULL,https://scratch.mit.edu/projects/25815083,
25844882,Ethans_pong,carverbyheart,1,0,0,0,0,NULL,NULL,NULL,NULL,NULL,NULL,NULL,NULL,NULL,NULL,NULL,NULL,https://scratch.mit.edu/projects/25844882,
25845185,seizure_acid,carverbyheart,2,0,0,0,0,NULL,NULL,NULL,NULL,NULL,NULL,NULL,NULL,NULL,NULL,NULL,NULL,https://scratch.mit.edu/projects/25845185,
25990996,Untitled-11,Spivak2,1,0,0,0,0,NULL,NULL,NULL,NULL,NULL,NULL,NULL,NULL,NULL,NULL,NULL,NULL,https://scratch.mit.edu/projects/25990996,
26094412,ROBLOX Error,Sonic_The_Hedgehog2,2,0,0,0,0,NULL,NULL,NULL,NULL,NULL,NULL,NULL,NULL,NULL,NULL,NULL,NULL,https://scratch.mit.edu/projects/26094412,
26121843,Star Battle: The Clone Wars,awesomedude456,2,0,0,0,0,NULL,NULL,NULL,NULL,NULL,NULL,NULL,NULL,NULL,NULL,NULL,NULL,https://scratch.mit.edu/projects/26121843,
26126817,Random 2,resarafael,1,0,0,0,0,NULL,NULL,NULL,NULL,NULL,NULL,NULL,NULL,NULL,NULL,NULL,NULL,https://scratch.mit.edu/projects/26126817,
26344392,Hallo zombies,albertscute,2,0,0,0,0,NULL,NULL,NULL,NULL,NULL,NULL,NULL,NULL,NULL,NULL,NULL,NULL,https://scratch.mit.edu/projects/26344392,
26370363,boing boing (Platformer) remix,fireball40,37,0,4,3,0,NULL,NULL,NULL,NULL,NULL,NULL,NULL,NULL,NULL,NULL,NULL,NULL,https://scratch.mit.edu/projects/26370363,
26371330,Dança do Gato e da Cassie,mainetti,1,0,0,0,0,NULL,NULL,NULL,NULL,NULL,NULL,NULL,NULL,NULL,NULL,NULL,NULL,https://scratch.mit.edu/projects/26371330,
26371373,Monkey and banana,mainetti,1,0,0,0,0,NULL,NULL,NULL,NULL,NULL,NULL,NULL,NULL,NULL,NULL,NULL,NULL,https://scratch.mit.edu/projects/26371373,
26371489,Utter Randomness,Mega_Trio,1,0,0,0,0,NULL,NULL,NULL,NULL,NULL,NULL,NULL,NULL,NULL,NULL,NULL,NULL,https://scratch.mit.edu/projects/26371489,
26503529,Untitled-8,pigmepig,1,0,0,0,0,NULL,NULL,NULL,NULL,NULL,NULL,NULL,NULL,NULL,NULL,NULL,NULL,https://scratch.mit.edu/projects/26503529,
26524301,Another Scratch 10 Block Challenge,1012967,1,0,0,0,0,NULL,NULL,NULL,NULL,NULL,NULL,NULL,NULL,NULL,NULL,NULL,NULL,https://scratch.mit.edu/projects/26524301,
26551791,stage1,madeleinejoy,1,0,0,0,0,NULL,NULL,NULL,NULL,NULL,NULL,NULL,NULL,NULL,NULL,NULL,NULL,https://scratch.mit.edu/projects/26551791,
26593959,zap the aliens,zacmax,1,0,0,0,0,NULL,NULL,NULL,NULL,NULL,NULL,NULL,NULL,NULL,NULL,NULL,NULL,https://scratch.mit.edu/projects/26593959,
26806875,Block dodge,Luckydaniel17,2,0,2,2,0,NULL,NULL,NULL,NULL,NULL,NULL,NULL,NULL,NULL,NULL,NULL,NULL,https://scratch.mit.edu/projects/26806875,
26822199,Dance off,dominator1,1,0,0,0,0,NULL,NULL,NULL,NULL,NULL,NULL,NULL,NULL,NULL,NULL,NULL,NULL,https://scratch.mit.edu/projects/26822199,
26902765,better is not a thing,toothless2006,1,0,0,0,0,NULL,NULL,NULL,NULL,NULL,NULL,NULL,NULL,NULL,NULL,NULL,NULL,https://scratch.mit.edu/projects/26902765,
26982325,EXTREME ,Seal_Nation,2,0,0,0,0,NULL,NULL,NULL,NULL,NULL,NULL,NULL,NULL,NULL,NULL,NULL,NULL,https://scratch.mit.edu/projects/26982325,
27045251,big gun 2000,bakedalaska2020,1,0,0,0,0,NULL,NULL,NULL,NULL,NULL,NULL,NULL,NULL,NULL,NULL,NULL,NULL,https://scratch.mit.edu/projects/27045251,
27079840,color shift,dak05,9,0,0,0,0,NULL,NULL,NULL,NULL,NULL,NULL,NULL,NULL,NULL,NULL,NULL,NULL,https://scratch.mit.edu/projects/27079840,
27096816,Unicorn Dragon Run!,bone888,18,0,3,3,0,NULL,NULL,NULL,NULL,NULL,NULL,NULL,NULL,NULL,NULL,NULL,NULL,https://scratch.mit.edu/projects/27096816,
27165268,Untitled-7,motown762,1,0,0,0,0,NULL,NULL,NULL,NULL,NULL,NULL,NULL,NULL,NULL,NULL,NULL,NULL,https://scratch.mit.edu/projects/27165268,
27221990,1 player PONG,RedPandaRumble,2,0,0,0,0,NULL,NULL,NULL,NULL,NULL,NULL,NULL,NULL,NULL,NULL,NULL,NULL,https://scratch.mit.edu/projects/27221990,
27326971,Flat OS,FrozenFlake,1,0,0,0,0,NULL,NULL,NULL,NULL,NULL,NULL,NULL,NULL,NULL,NULL,NULL,NULL,https://scratch.mit.edu/projects/27326971,
27565048,avatar quarritch dances to inapropriate music ,esmitcod,3,0,0,0,0,NULL,NULL,NULL,NULL,NULL,NULL,NULL,NULL,NULL,NULL,NULL,NULL,https://scratch.mit.edu/projects/27565048,
27565742,I love Donut,mainetti,1,0,0,0,0,NULL,NULL,NULL,NULL,NULL,NULL,NULL,NULL,NULL,NULL,NULL,NULL,https://scratch.mit.edu/projects/27565742,
27614464,Lucky Lottery,FunnyAnimatorJimTV,4691,11,496,411,0,NULL,NULL,NULL,NULL,NULL,NULL,NULL,NULL,NULL,NULL,NULL,NULL,https://scratch.mit.edu/projects/27614464,
27621090,Dancy Dudes,FluffyPinkUnicorn09,1,0,0,0,0,NULL,NULL,NULL,NULL,NULL,NULL,NULL,NULL,NULL,NULL,NULL,NULL,https://scratch.mit.edu/projects/27621090,
27641934,Untitled-3,scout111,1,0,0,0,0,NULL,NULL,NULL,NULL,NULL,NULL,NULL,NULL,NULL,NULL,NULL,NULL,https://scratch.mit.edu/projects/27641934,
27650094,Old Animations,NecroKat,8,0,1,1,0,NULL,NULL,NULL,NULL,NULL,NULL,NULL,NULL,NULL,NULL,NULL,NULL,https://scratch.mit.edu/projects/27650094,
27740648,Christian Music,-Angelic-,5,0,0,0,0,NULL,NULL,NULL,NULL,NULL,NULL,NULL,NULL,NULL,NULL,NULL,NULL,https://scratch.mit.edu/projects/27740648,
27839628,DANCE OFFFF!,FluffyPinkUnicorn09,1,0,0,0,0,NULL,NULL,NULL,NULL,NULL,NULL,NULL,NULL,NULL,NULL,NULL,NULL,https://scratch.mit.edu/projects/27839628,
27882194,Animals Voices اصوات الحيوانات,Mrsmeme,1,0,0,0,0,NULL,NULL,NULL,NULL,NULL,NULL,NULL,NULL,NULL,NULL,NULL,NULL,https://scratch.mit.edu/projects/27882194,
27905296,street fighter wylieswag,wylieswag,1,0,0,0,0,NULL,NULL,NULL,NULL,NULL,NULL,NULL,NULL,NULL,NULL,NULL,NULL,https://scratch.mit.edu/projects/27905296,
27914952,Unfinished TTC Entry The Book of Kaoz (Rip TTC),Can_Noq,10,0,5,0,0,NULL,NULL,NULL,NULL,NULL,NULL,NULL,NULL,NULL,NULL,NULL,NULL,https://scratch.mit.edu/projects/27914952,
27994756,Watch out!!!,monkeyboy455,1,0,0,0,0,NULL,NULL,NULL,NULL,NULL,NULL,NULL,NULL,NULL,NULL,NULL,NULL,https://scratch.mit.edu/projects/27994756,
28148952, pierd merd,magdura,1,0,1,1,0,NULL,NULL,NULL,NULL,NULL,NULL,NULL,NULL,NULL,NULL,NULL,NULL,https://scratch.mit.edu/projects/28148952,
28325724,☁iOS 7 in Scratch offical remix,cbl10,1,0,0,0,0,NULL,NULL,NULL,NULL,NULL,NULL,NULL,NULL,NULL,NULL,NULL,NULL,https://scratch.mit.edu/projects/28325724,
28410152,Untitled,sfloganp1,1,0,0,0,0,NULL,NULL,NULL,NULL,NULL,NULL,NULL,NULL,NULL,NULL,NULL,NULL,https://scratch.mit.edu/projects/28410152,
28417896,carrington scratch classwork.sb211o,carrington_38,1,0,0,0,0,NULL,NULL,NULL,NULL,NULL,NULL,NULL,NULL,NULL,NULL,NULL,NULL,https://scratch.mit.edu/projects/28417896,
28490644,the trap,orangechuppy,1,0,0,0,0,NULL,NULL,NULL,NULL,NULL,NULL,NULL,NULL,NULL,NULL,NULL,NULL,https://scratch.mit.edu/projects/28490644,
28630138,Bee maze,Luckydaniel17,1,0,0,0,0,NULL,NULL,NULL,NULL,NULL,NULL,NULL,NULL,NULL,NULL,NULL,NULL,https://scratch.mit.edu/projects/28630138,
28634828,Mario Brothers,Luckydaniel17,4,0,2,2,0,NULL,NULL,NULL,NULL,NULL,NULL,NULL,NULL,NULL,NULL,NULL,NULL,https://scratch.mit.edu/projects/28634828,
28815960,CZOLGI2!!!,zwicher,1,0,0,0,0,NULL,NULL,NULL,NULL,NULL,NULL,NULL,NULL,NULL,NULL,NULL,NULL,https://scratch.mit.edu/projects/28815960,
28816798,Spell Shape 2,Glawster123,1,0,0,0,0,NULL,NULL,NULL,NULL,NULL,NULL,NULL,NULL,NULL,NULL,NULL,NULL,https://scratch.mit.edu/projects/28816798,
29014168,the hardest car race game,xtreme5351,1,0,0,0,0,NULL,NULL,NULL,NULL,NULL,NULL,NULL,NULL,NULL,NULL,NULL,NULL,https://scratch.mit.edu/projects/29014168,
29021292,color dude,sfrithwikn,1,0,0,0,0,NULL,NULL,NULL,NULL,NULL,NULL,NULL,NULL,NULL,NULL,NULL,NULL,https://scratch.mit.edu/projects/29021292,
29219562,Amazing Maze (School Edition),KodingKingdom,1,0,0,0,0,NULL,NULL,NULL,NULL,NULL,NULL,NULL,NULL,NULL,NULL,NULL,NULL,https://scratch.mit.edu/projects/29219562,
29294872,abcdegf-2,lhpa,40,0,3,1,0,NULL,NULL,NULL,NULL,NULL,NULL,NULL,NULL,NULL,NULL,NULL,NULL,https://scratch.mit.edu/projects/29294872,
29417620,moon jump,lhpa,1,0,0,0,0,NULL,NULL,NULL,NULL,NULL,NULL,NULL,NULL,NULL,NULL,NULL,NULL,https://scratch.mit.edu/projects/29417620,
29448972,Untitled-2,dragonlord1105,1,0,0,0,0,NULL,NULL,NULL,NULL,NULL,NULL,NULL,NULL,NULL,NULL,NULL,NULL,https://scratch.mit.edu/projects/29448972,
29703324,Untitled-16,monkeyboy455,1,0,0,0,0,NULL,NULL,NULL,NULL,NULL,NULL,NULL,NULL,NULL,NULL,NULL,NULL,https://scratch.mit.edu/projects/29703324,
29728994,Draw!,Charlie224,1,0,0,0,0,NULL,NULL,NULL,NULL,NULL,NULL,NULL,NULL,NULL,NULL,NULL,NULL,https://scratch.mit.edu/projects/29728994,
29809934,Fiber OS 5.1 With Shop remix-3,joshua007v,1,0,0,0,0,NULL,NULL,NULL,NULL,NULL,NULL,NULL,NULL,NULL,NULL,NULL,NULL,https://scratch.mit.edu/projects/29809934,
30154148,Cool thing,alexeym2020,2,0,0,0,0,NULL,NULL,NULL,NULL,NULL,NULL,NULL,NULL,NULL,NULL,NULL,NULL,https://scratch.mit.edu/projects/30154148,
30217874,CatCrossStreet,jlongtran,1,0,0,0,0,NULL,NULL,NULL,NULL,NULL,NULL,NULL,NULL,NULL,NULL,NULL,NULL,https://scratch.mit.edu/projects/30217874,
30556808,Ultimate Space War,laurips,1,0,0,0,0,NULL,NULL,NULL,NULL,NULL,NULL,NULL,NULL,NULL,NULL,NULL,NULL,https://scratch.mit.edu/projects/30556808,
30615378,Gangnam Style AMV (no music),Tech_Lion,1,0,0,0,0,NULL,NULL,NULL,NULL,NULL,NULL,NULL,NULL,NULL,NULL,NULL,NULL,https://scratch.mit.edu/projects/30615378,
30708070,Untitled-5,noahh1810,1,0,0,0,0,NULL,NULL,NULL,NULL,NULL,NULL,NULL,NULL,NULL,NULL,NULL,NULL,https://scratch.mit.edu/projects/30708070,
30926608,Pong,Mylaki,1,0,0,0,0,NULL,NULL,NULL,NULL,NULL,NULL,NULL,NULL,NULL,NULL,NULL,NULL,https://scratch.mit.edu/projects/30926608,
31125868,stage1 ,madeleinejoy,1,0,0,0,0,NULL,NULL,NULL,NULL,NULL,NULL,NULL,NULL,NULL,NULL,NULL,NULL,https://scratch.mit.edu/projects/31125868,
31126254,stage 1,madeleinejoy,1,0,0,0,0,NULL,NULL,NULL,NULL,NULL,NULL,NULL,NULL,NULL,NULL,NULL,NULL,https://scratch.mit.edu/projects/31126254,
31268406,02 - A Space Odyssey,madeleinejoy,1,0,0,0,0,NULL,NULL,NULL,NULL,NULL,NULL,NULL,NULL,NULL,NULL,NULL,NULL,https://scratch.mit.edu/projects/31268406,
31354440,Untitled,mainetti,1,0,0,0,0,NULL,NULL,NULL,NULL,NULL,NULL,NULL,NULL,NULL,NULL,NULL,NULL,https://scratch.mit.edu/projects/31354440,
31424632,Surfer Man,mrvecino,3,0,0,0,0,NULL,NULL,NULL,NULL,NULL,NULL,NULL,NULL,NULL,NULL,NULL,NULL,https://scratch.mit.edu/projects/31424632,
31560764,space hippos,hippos188turtle,1,0,0,0,0,NULL,NULL,NULL,NULL,NULL,NULL,NULL,NULL,NULL,NULL,NULL,NULL,https://scratch.mit.edu/projects/31560764,
31800410,guessing quiz,toothless2006,1,0,0,0,0,NULL,NULL,NULL,NULL,NULL,NULL,NULL,NULL,NULL,NULL,NULL,NULL,https://scratch.mit.edu/projects/31800410,
31989118,Mermaid Animated ,Mega_Trio,1,0,0,0,0,NULL,NULL,NULL,NULL,NULL,NULL,NULL,NULL,NULL,NULL,NULL,NULL,https://scratch.mit.edu/projects/31989118,
32197274,Rightside Down Galaxy! remix,superbever,1,0,0,0,0,NULL,NULL,NULL,NULL,NULL,NULL,NULL,NULL,NULL,NULL,NULL,NULL,https://scratch.mit.edu/projects/32197274,
32225240,The Maze Game! V. 1.3,thebosskid,42,0,1,1,0,NULL,NULL,NULL,NULL,NULL,NULL,NULL,NULL,NULL,NULL,NULL,NULL,https://scratch.mit.edu/projects/32225240,
32263244,fireworks,puhitaku,10,0,2,1,0,NULL,NULL,NULL,NULL,NULL,NULL,NULL,NULL,NULL,NULL,NULL,NULL,https://scratch.mit.edu/projects/32263244,
32263284,funnel,puhitaku,2,0,0,0,0,NULL,NULL,NULL,NULL,NULL,NULL,NULL,NULL,NULL,NULL,NULL,NULL,https://scratch.mit.edu/projects/32263284,
32352560,"scrol x, kustas zerme ",AgneseAise,3,0,0,0,0,NULL,NULL,NULL,NULL,NULL,NULL,NULL,NULL,NULL,NULL,NULL,NULL,https://scratch.mit.edu/projects/32352560,
32403692,holloween card,hollidni2026,1,0,0,0,0,NULL,NULL,NULL,NULL,NULL,NULL,NULL,NULL,NULL,NULL,NULL,NULL,https://scratch.mit.edu/projects/32403692,
32406678,goast busters,Rankins5,1,0,0,0,0,NULL,NULL,NULL,NULL,NULL,NULL,NULL,NULL,NULL,NULL,NULL,NULL,https://scratch.mit.edu/projects/32406678,
32651572,Get Those Donuts        ,mrvigil,4,0,0,0,0,NULL,NULL,NULL,NULL,NULL,NULL,NULL,NULL,NULL,NULL,NULL,NULL,https://scratch.mit.edu/projects/32651572,
32657114,the cute dog \/little trapoline,pokehole,2,0,2,2,0,NULL,NULL,NULL,NULL,NULL,NULL,NULL,NULL,NULL,NULL,NULL,NULL,https://scratch.mit.edu/projects/32657114,
32958994,Grace's fantastic fabulous Fireworks,garnet4,1,0,0,0,0,NULL,NULL,NULL,NULL,NULL,NULL,NULL,NULL,NULL,NULL,NULL,NULL,https://scratch.mit.edu/projects/32958994,
33163758,Make the shot,Cornlover69,1,0,0,0,0,NULL,NULL,NULL,NULL,NULL,NULL,NULL,NULL,NULL,NULL,NULL,NULL,https://scratch.mit.edu/projects/33163758,
33178878,Educativo o no,PeterMan02,1,0,0,0,0,NULL,NULL,NULL,NULL,NULL,NULL,NULL,NULL,NULL,NULL,NULL,NULL,https://scratch.mit.edu/projects/33178878,
33221272,Last of Cereal Kind,rubsol620,1,0,0,0,0,NULL,NULL,NULL,NULL,NULL,NULL,NULL,NULL,NULL,NULL,NULL,NULL,https://scratch.mit.edu/projects/33221272,
33387524,Spot it,monkeyboy455,1,0,0,0,0,NULL,NULL,NULL,NULL,NULL,NULL,NULL,NULL,NULL,NULL,NULL,NULL,https://scratch.mit.edu/projects/33387524,
33388376,Untitled-4,superbever,1,0,0,0,0,NULL,NULL,NULL,NULL,NULL,NULL,NULL,NULL,NULL,NULL,NULL,NULL,https://scratch.mit.edu/projects/33388376,
33492712,About me by ted,340406,1,0,0,0,0,NULL,NULL,NULL,NULL,NULL,NULL,NULL,NULL,NULL,NULL,NULL,NULL,https://scratch.mit.edu/projects/33492712,
33717574,groot againts time by luke.d copy,groot2208,1,0,0,0,0,NULL,NULL,NULL,NULL,NULL,NULL,NULL,NULL,NULL,NULL,NULL,NULL,https://scratch.mit.edu/projects/33717574,
33866168,Amazacat,emily15675,2,0,2,2,0,NULL,NULL,NULL,NULL,NULL,NULL,NULL,NULL,NULL,NULL,NULL,NULL,https://scratch.mit.edu/projects/33866168,
33908108,Maze Game ,kymethianroberts,1,0,0,0,0,NULL,NULL,NULL,NULL,NULL,NULL,NULL,NULL,NULL,NULL,NULL,NULL,https://scratch.mit.edu/projects/33908108,
33948476,ultamite 5,pguz0560,1,0,0,0,0,NULL,NULL,NULL,NULL,NULL,NULL,NULL,NULL,NULL,NULL,NULL,NULL,https://scratch.mit.edu/projects/33948476,
34013132,Shaheen Draw Polygon,knave,1,0,0,0,0,NULL,NULL,NULL,NULL,NULL,NULL,NULL,NULL,NULL,NULL,NULL,NULL,https://scratch.mit.edu/projects/34013132,
34074728,Jafsefisk,majato,4,0,0,0,0,NULL,NULL,NULL,NULL,NULL,NULL,NULL,NULL,NULL,NULL,NULL,NULL,https://scratch.mit.edu/projects/34074728,
34148746,pong,_mlg360noscope_,2,0,0,0,0,NULL,NULL,NULL,NULL,NULL,NULL,NULL,NULL,NULL,NULL,NULL,NULL,https://scratch.mit.edu/projects/34148746,
34177226,Pong Level 2 Arrows and Score,PGoodman1234,5,0,0,0,0,NULL,NULL,NULL,NULL,NULL,NULL,NULL,NULL,NULL,NULL,NULL,NULL,https://scratch.mit.edu/projects/34177226,
34203952,dumb ways to die song,jeffrey2112,1,0,0,0,0,NULL,NULL,NULL,NULL,NULL,NULL,NULL,NULL,NULL,NULL,NULL,NULL,https://scratch.mit.edu/projects/34203952,
34205258,The Bunny,huskiesdogs88,1,0,0,0,0,NULL,NULL,NULL,NULL,NULL,NULL,NULL,NULL,NULL,NULL,NULL,NULL,https://scratch.mit.edu/projects/34205258,
34339288,old 6th grade code test,ache9607,1,0,0,0,0,NULL,NULL,NULL,NULL,NULL,NULL,NULL,NULL,NULL,NULL,NULL,NULL,https://scratch.mit.edu/projects/34339288,
34354728,Why you should be proud of yourself,toothless2006,2,0,0,0,0,NULL,NULL,NULL,NULL,NULL,NULL,NULL,NULL,NULL,NULL,NULL,NULL,https://scratch.mit.edu/projects/34354728,
34391396,Planet clicker,codwyer,1,0,0,0,0,NULL,NULL,NULL,NULL,NULL,NULL,NULL,NULL,NULL,NULL,NULL,NULL,https://scratch.mit.edu/projects/34391396,
34533776,701douyandy,701douyandy,1,0,0,0,0,NULL,NULL,NULL,NULL,NULL,NULL,NULL,NULL,NULL,NULL,NULL,NULL,https://scratch.mit.edu/projects/34533776,
34565450,Learn Scratch in 10 Minutes remix,kunjani,2,0,0,0,0,NULL,NULL,NULL,NULL,NULL,NULL,NULL,NULL,NULL,NULL,NULL,NULL,https://scratch.mit.edu/projects/34565450,
34721442,Stop Animation,Mega_Trio,1,0,0,0,0,NULL,NULL,NULL,NULL,NULL,NULL,NULL,NULL,NULL,NULL,NULL,NULL,https://scratch.mit.edu/projects/34721442,
34857876,Club dancing (epileptic warning),ococodi14,1,0,0,0,0,NULL,NULL,NULL,NULL,NULL,NULL,NULL,NULL,NULL,NULL,NULL,NULL,https://scratch.mit.edu/projects/34857876,
35071880,The Hardest Game Ever Extanded ,dekthebeast,2,0,0,0,0,NULL,NULL,NULL,NULL,NULL,NULL,NULL,NULL,NULL,NULL,NULL,NULL,https://scratch.mit.edu/projects/35071880,
35177576,Ship Battle 2 player,02TP12,1,0,0,0,0,NULL,NULL,NULL,NULL,NULL,NULL,NULL,NULL,NULL,NULL,NULL,NULL,https://scratch.mit.edu/projects/35177576,
35295078,Iko another game for beginners,greenhorse22,1,0,0,0,0,NULL,NULL,NULL,NULL,NULL,NULL,NULL,NULL,NULL,NULL,NULL,NULL,https://scratch.mit.edu/projects/35295078,
35388194,Li Collide,LaferuSan,3,0,0,0,0,NULL,NULL,NULL,NULL,NULL,NULL,NULL,NULL,NULL,NULL,NULL,NULL,https://scratch.mit.edu/projects/35388194,
35545694,Maze Level 2,PGoodman1234,11,0,0,0,0,NULL,NULL,NULL,NULL,NULL,NULL,NULL,NULL,NULL,NULL,NULL,NULL,https://scratch.mit.edu/projects/35545694,
35647346,Majestic GOAT! ID! OMG! A GOAT!,TheultimateFANGOAT,1,0,0,0,0,NULL,NULL,NULL,NULL,NULL,NULL,NULL,NULL,NULL,NULL,NULL,NULL,https://scratch.mit.edu/projects/35647346,
35730094,Li Scrolling,LaferuSan,5,0,0,0,0,NULL,NULL,NULL,NULL,NULL,NULL,NULL,NULL,NULL,NULL,NULL,NULL,https://scratch.mit.edu/projects/35730094,
35732416,Terraria war (2D),cornclub666,2,0,0,0,0,NULL,NULL,NULL,NULL,NULL,NULL,NULL,NULL,NULL,NULL,NULL,NULL,https://scratch.mit.edu/projects/35732416,
35742354,codigo binario\/decimal copy,mallolin,1,0,0,0,0,NULL,NULL,NULL,NULL,NULL,NULL,NULL,NULL,NULL,NULL,NULL,NULL,https://scratch.mit.edu/projects/35742354,
35809960,farwil-1 demo,bananimalfunk,1,0,0,0,0,NULL,NULL,NULL,NULL,NULL,NULL,NULL,NULL,NULL,NULL,NULL,NULL,https://scratch.mit.edu/projects/35809960,
35956952,random BOAT RACES,captaindoodoo123,1,0,0,0,0,NULL,NULL,NULL,NULL,NULL,NULL,NULL,NULL,NULL,NULL,NULL,NULL,https://scratch.mit.edu/projects/35956952,
35989348,i dont,ache9607,1,0,0,0,0,NULL,NULL,NULL,NULL,NULL,NULL,NULL,NULL,NULL,NULL,NULL,NULL,https://scratch.mit.edu/projects/35989348,
36001118,Scratch Debug,LaferuSan,1,0,0,0,0,NULL,NULL,NULL,NULL,NULL,NULL,NULL,NULL,NULL,NULL,NULL,NULL,https://scratch.mit.edu/projects/36001118,
36014246,Raven Azalea ft. Starfire Ora Black Widow remix,karategirlnovember,1,0,0,0,0,NULL,NULL,NULL,NULL,NULL,NULL,NULL,NULL,NULL,NULL,NULL,NULL,https://scratch.mit.edu/projects/36014246,
36017922,  crab mutate,Tobyakira,1,0,1,1,0,NULL,NULL,NULL,NULL,NULL,NULL,NULL,NULL,NULL,NULL,NULL,NULL,https://scratch.mit.edu/projects/36017922,
36057896,gamemememem,KarJa,1,0,0,0,0,NULL,NULL,NULL,NULL,NULL,NULL,NULL,NULL,NULL,NULL,NULL,NULL,https://scratch.mit.edu/projects/36057896,
36093782,funny crush,finlay2f,1,0,0,0,0,NULL,NULL,NULL,NULL,NULL,NULL,NULL,NULL,NULL,NULL,NULL,NULL,https://scratch.mit.edu/projects/36093782,
36143806,How to know if a verb is regular o irregular?,Ernest127312,4,0,0,0,0,NULL,NULL,NULL,NULL,NULL,NULL,NULL,NULL,NULL,NULL,NULL,NULL,https://scratch.mit.edu/projects/36143806,
36189346,Scratch using Variables remix,frty9012,1,0,0,0,0,NULL,NULL,NULL,NULL,NULL,NULL,NULL,NULL,NULL,NULL,NULL,NULL,https://scratch.mit.edu/projects/36189346,
36221392,Duper Super Fast Universe Pong,sharkcraft64,1,0,0,0,0,NULL,NULL,NULL,NULL,NULL,NULL,NULL,NULL,NULL,NULL,NULL,NULL,https://scratch.mit.edu/projects/36221392,
36281242,Mnożenie,edytas,1,0,0,0,0,NULL,NULL,NULL,NULL,NULL,NULL,NULL,NULL,NULL,NULL,NULL,NULL,https://scratch.mit.edu/projects/36281242,
36283838,Kaksinpeli ,laurips,1,0,0,0,0,NULL,NULL,NULL,NULL,NULL,NULL,NULL,NULL,NULL,NULL,NULL,NULL,https://scratch.mit.edu/projects/36283838,
36395830,Evil Mr.Red guy ,dragondude102,1,0,0,0,0,NULL,NULL,NULL,NULL,NULL,NULL,NULL,NULL,NULL,NULL,NULL,NULL,https://scratch.mit.edu/projects/36395830,
36567690,02 Space Odyssey ,madeleinejoy,1,0,0,0,0,NULL,NULL,NULL,NULL,NULL,NULL,NULL,NULL,NULL,NULL,NULL,NULL,https://scratch.mit.edu/projects/36567690,
36750186,fun fish,JoeyCaper,1,0,0,0,0,NULL,NULL,NULL,NULL,NULL,NULL,NULL,NULL,NULL,NULL,NULL,NULL,https://scratch.mit.edu/projects/36750186,
36780310,LIGHT,Accuracy114,4,0,0,0,0,NULL,NULL,NULL,NULL,NULL,NULL,NULL,NULL,NULL,NULL,NULL,NULL,https://scratch.mit.edu/projects/36780310,
36781778,Run Giga Run 0.2,rcrawfor,2,0,0,0,0,NULL,NULL,NULL,NULL,NULL,NULL,NULL,NULL,NULL,NULL,NULL,NULL,https://scratch.mit.edu/projects/36781778,
36839068,School: The Day of the Troll,ZerosSoCute,14,0,5,4,0,NULL,NULL,NULL,NULL,NULL,NULL,NULL,NULL,NULL,NULL,NULL,NULL,https://scratch.mit.edu/projects/36839068,
36942772,Untitled,speltajm,1,0,2,2,0,NULL,NULL,NULL,NULL,NULL,NULL,NULL,NULL,NULL,NULL,NULL,NULL,https://scratch.mit.edu/projects/36942772,
37117284,Untitled,lilypompom,2,0,0,0,0,NULL,NULL,NULL,NULL,NULL,NULL,NULL,NULL,NULL,NULL,NULL,NULL,https://scratch.mit.edu/projects/37117284,
37157388,chrismas card to mason ,hollidni2026,1,0,0,0,0,NULL,NULL,NULL,NULL,NULL,NULL,NULL,NULL,NULL,NULL,NULL,NULL,https://scratch.mit.edu/projects/37157388,
37179870,pokemon battle game,PaddyLH,1,0,0,0,0,NULL,NULL,NULL,NULL,NULL,NULL,NULL,NULL,NULL,NULL,NULL,NULL,https://scratch.mit.edu/projects/37179870,
37200952,Football,krivik09,3,0,0,0,0,NULL,NULL,NULL,NULL,NULL,NULL,NULL,NULL,NULL,NULL,NULL,NULL,https://scratch.mit.edu/projects/37200952,
37312452,2-Player Pong,ComplexGamer,17,0,0,0,0,NULL,NULL,NULL,NULL,NULL,NULL,NULL,NULL,NULL,NULL,NULL,NULL,https://scratch.mit.edu/projects/37312452,
37361186,The escape!,eltp,8,0,0,0,0,NULL,NULL,NULL,NULL,NULL,NULL,NULL,NULL,NULL,NULL,NULL,NULL,https://scratch.mit.edu/projects/37361186,
37417244,Unfair Mario 1.2,skullee,1,0,0,0,0,NULL,NULL,NULL,NULL,NULL,NULL,NULL,NULL,NULL,NULL,NULL,NULL,https://scratch.mit.edu/projects/37417244,
37476372,Debug-It 1.1 remix,SimplelifeBryce,1,0,0,0,0,NULL,NULL,NULL,NULL,NULL,NULL,NULL,NULL,NULL,NULL,NULL,NULL,https://scratch.mit.edu/projects/37476372,
37477050,Debug-It 1.2 remix,SimplelifeBryce,1,0,0,0,0,NULL,NULL,NULL,NULL,NULL,NULL,NULL,NULL,NULL,NULL,NULL,NULL,https://scratch.mit.edu/projects/37477050,
37478228,Debug-It 1.3 remix,SimplelifeBryce,1,0,0,0,0,NULL,NULL,NULL,NULL,NULL,NULL,NULL,NULL,NULL,NULL,NULL,NULL,https://scratch.mit.edu/projects/37478228,
37606644,Shooting subs,Maxteh,1,0,0,0,0,NULL,NULL,NULL,NULL,NULL,NULL,NULL,NULL,NULL,NULL,NULL,NULL,https://scratch.mit.edu/projects/37606644,
37655224,Dank Memes and Broken Dreams,Snrek,1,0,0,0,0,NULL,NULL,NULL,NULL,NULL,NULL,NULL,NULL,NULL,NULL,NULL,NULL,https://scratch.mit.edu/projects/37655224,
37677726,Debug It! 2.1 remix,BTS3801,1,0,0,0,0,NULL,NULL,NULL,NULL,NULL,NULL,NULL,NULL,NULL,NULL,NULL,NULL,https://scratch.mit.edu/projects/37677726,
37681034,Debug It! 2.5 remix,BTS3801,1,0,0,0,0,NULL,NULL,NULL,NULL,NULL,NULL,NULL,NULL,NULL,NULL,NULL,NULL,https://scratch.mit.edu/projects/37681034,
37833650,BASKETBALL BEAST 101,ggary11,1,0,0,0,0,NULL,NULL,NULL,NULL,NULL,NULL,NULL,NULL,NULL,NULL,NULL,NULL,https://scratch.mit.edu/projects/37833650,
38014240,elsa`s dance,anfel,1,0,1,1,0,NULL,NULL,NULL,NULL,NULL,NULL,NULL,NULL,NULL,NULL,NULL,NULL,https://scratch.mit.edu/projects/38014240,
38119994,Infinicat [Video Tracking Test],not_the_boxer,1,0,0,0,0,NULL,NULL,NULL,NULL,NULL,NULL,NULL,NULL,NULL,NULL,NULL,NULL,https://scratch.mit.edu/projects/38119994,
38210674,Untitled,danir08,1,0,0,0,0,NULL,NULL,NULL,NULL,NULL,NULL,NULL,NULL,NULL,NULL,NULL,NULL,https://scratch.mit.edu/projects/38210674,
38337954,Li Game,LaferuSan,20,0,1,2,0,NULL,NULL,NULL,NULL,NULL,NULL,NULL,NULL,NULL,NULL,NULL,NULL,https://scratch.mit.edu/projects/38337954,
38377072,Paint! ,ioanaroman13,1,0,1,1,0,NULL,NULL,NULL,NULL,NULL,NULL,NULL,NULL,NULL,NULL,NULL,NULL,https://scratch.mit.edu/projects/38377072,
38495396,Holiday Card,HorseFanatic,1,0,0,0,0,NULL,NULL,NULL,NULL,NULL,NULL,NULL,NULL,NULL,NULL,NULL,NULL,https://scratch.mit.edu/projects/38495396,
38548618,Racing Game Starter Project remix,sk13565,1,0,0,0,0,NULL,NULL,NULL,NULL,NULL,NULL,NULL,NULL,NULL,NULL,NULL,NULL,https://scratch.mit.edu/projects/38548618,
38552558,mexican kitty,mollymilo1,1,0,0,0,0,NULL,NULL,NULL,NULL,NULL,NULL,NULL,NULL,NULL,NULL,NULL,NULL,https://scratch.mit.edu/projects/38552558,
38610130,Butterflies That Are Weird ,109rosie,1,0,0,0,0,NULL,NULL,NULL,NULL,NULL,NULL,NULL,NULL,NULL,NULL,NULL,NULL,https://scratch.mit.edu/projects/38610130,
38616786,Voiture,emarcil,1,0,0,0,0,NULL,NULL,NULL,NULL,NULL,NULL,NULL,NULL,NULL,NULL,NULL,NULL,https://scratch.mit.edu/projects/38616786,
38755340,art progect,hollidni2026,1,0,0,0,0,NULL,NULL,NULL,NULL,NULL,NULL,NULL,NULL,NULL,NULL,NULL,NULL,https://scratch.mit.edu/projects/38755340,
38907176,Flappy's Levels,miglej,93,0,4,3,0,NULL,NULL,NULL,NULL,NULL,NULL,NULL,NULL,NULL,NULL,NULL,NULL,https://scratch.mit.edu/projects/38907176,
38980940,Untitled-2,scratchranger,1,0,0,0,0,NULL,NULL,NULL,NULL,NULL,NULL,NULL,NULL,NULL,NULL,NULL,NULL,https://scratch.mit.edu/projects/38980940,
39034334,Draw a snowflake V. 2.3.2 remix,Blue_dolphin,3,0,0,0,0,NULL,NULL,NULL,NULL,NULL,NULL,NULL,NULL,NULL,NULL,NULL,NULL,https://scratch.mit.edu/projects/39034334,
39209244,circle run ,NerdyBoy723,1,0,1,0,0,NULL,NULL,NULL,NULL,NULL,NULL,NULL,NULL,NULL,NULL,NULL,NULL,https://scratch.mit.edu/projects/39209244,
39275190,Cat & mouse,TadzioKachniarz,9,0,0,0,0,NULL,NULL,NULL,NULL,NULL,NULL,NULL,NULL,NULL,NULL,NULL,NULL,https://scratch.mit.edu/projects/39275190,
39356130,pitfallScratchProjectFinal,Silentbob358,1,0,0,0,0,NULL,NULL,NULL,NULL,NULL,NULL,NULL,NULL,NULL,NULL,NULL,NULL,https://scratch.mit.edu/projects/39356130,
39417438,Untitled-7,5Mhorsehh,1,0,0,0,0,NULL,NULL,NULL,NULL,NULL,NULL,NULL,NULL,NULL,NULL,NULL,NULL,https://scratch.mit.edu/projects/39417438,
39477114,Poop,cl1ts1,1,0,0,0,0,NULL,NULL,NULL,NULL,NULL,NULL,NULL,NULL,NULL,NULL,NULL,NULL,https://scratch.mit.edu/projects/39477114,
39539036,santa hat.jpg,cornclub666,2,0,0,0,0,NULL,NULL,NULL,NULL,NULL,NULL,NULL,NULL,NULL,NULL,NULL,NULL,https://scratch.mit.edu/projects/39539036,
39549744,gra01,helmik,1,0,0,0,0,NULL,NULL,NULL,NULL,NULL,NULL,NULL,NULL,NULL,NULL,NULL,NULL,https://scratch.mit.edu/projects/39549744,
39630924,The cartists makes a quilt,graidan,1,0,0,0,0,NULL,NULL,NULL,NULL,NULL,NULL,NULL,NULL,NULL,NULL,NULL,NULL,https://scratch.mit.edu/projects/39630924,
39655788,HOMEKEY DANCER,padred123,22,0,1,1,0,NULL,NULL,NULL,NULL,NULL,NULL,NULL,NULL,NULL,NULL,NULL,NULL,https://scratch.mit.edu/projects/39655788,
39746358,Pong Game,scratchblast234,3,0,0,0,0,NULL,NULL,NULL,NULL,NULL,NULL,NULL,NULL,NULL,NULL,NULL,NULL,https://scratch.mit.edu/projects/39746358,
39761092,Pong ,kdonscheski493,85,0,0,0,0,NULL,NULL,NULL,NULL,NULL,NULL,NULL,NULL,NULL,NULL,NULL,NULL,https://scratch.mit.edu/projects/39761092,
39795376,Untitled-5,pingwiny,1,0,0,0,0,NULL,NULL,NULL,NULL,NULL,NULL,NULL,NULL,NULL,NULL,NULL,NULL,https://scratch.mit.edu/projects/39795376,
39901492,elmo's got a gun! remix,yasser973,5,0,0,0,0,NULL,NULL,NULL,NULL,NULL,NULL,NULL,NULL,NULL,NULL,NULL,NULL,https://scratch.mit.edu/projects/39901492,
40017722,alien attack,zrod26,8,0,1,1,0,NULL,NULL,NULL,NULL,NULL,NULL,NULL,NULL,NULL,NULL,NULL,NULL,https://scratch.mit.edu/projects/40017722,
40026316,Gyula,RaptorKecske,3,0,0,0,0,NULL,NULL,NULL,NULL,NULL,NULL,NULL,NULL,NULL,NULL,NULL,NULL,https://scratch.mit.edu/projects/40026316,
40068612,Super scary, do not watch!,Scratchpal123,29,0,3,3,0,NULL,NULL,NULL,NULL,NULL,NULL,NULL,NULL,NULL,NULL,NULL,NULL,https://scratch.mit.edu/projects/40068612
40116386,Walk with dem SQUIRELLS ,littlj24,1,0,0,0,0,NULL,NULL,NULL,NULL,NULL,NULL,NULL,NULL,NULL,NULL,NULL,NULL,https://scratch.mit.edu/projects/40116386,
40348748,Let It Go,triplepiglets,6,0,1,1,0,NULL,NULL,NULL,NULL,NULL,NULL,NULL,NULL,NULL,NULL,NULL,NULL,https://scratch.mit.edu/projects/40348748,
40376006,DOOM UNFINISHED,snake7275,1,0,1,1,0,NULL,NULL,NULL,NULL,NULL,NULL,NULL,NULL,NULL,NULL,NULL,NULL,https://scratch.mit.edu/projects/40376006,
40587684,BANANA RUN,fernandez_SanB,4,0,0,0,0,NULL,NULL,NULL,NULL,NULL,NULL,NULL,NULL,NULL,NULL,NULL,NULL,https://scratch.mit.edu/projects/40587684,
40687276,Untitled-4 remix,valtatak,1,0,0,0,0,NULL,NULL,NULL,NULL,NULL,NULL,NULL,NULL,NULL,NULL,NULL,NULL,https://scratch.mit.edu/projects/40687276,
40699482,Paper Minecraft v8.36c (2D Minecraft) remix,Ryryguy,3,0,1,0,0,NULL,NULL,NULL,NULL,NULL,NULL,NULL,NULL,NULL,NULL,NULL,NULL,https://scratch.mit.edu/projects/40699482,
40721520,TROLL SONG ,TheMInecraftRuler,1,0,1,1,0,NULL,NULL,NULL,NULL,NULL,NULL,NULL,NULL,NULL,NULL,NULL,NULL,https://scratch.mit.edu/projects/40721520,
40768792,Cadeaus vangen (lege versie) remix,renaatisrafilov,1,0,0,0,0,NULL,NULL,NULL,NULL,NULL,NULL,NULL,NULL,NULL,NULL,NULL,NULL,https://scratch.mit.edu/projects/40768792,
40783248,Untitled-4,dogscatsdogs,2,1,2,2,0,NULL,NULL,NULL,NULL,NULL,NULL,NULL,NULL,NULL,NULL,NULL,NULL,https://scratch.mit.edu/projects/40783248,
40813878,02 - A Space Odyssey - blank,balerinaC,2,0,0,0,0,NULL,NULL,NULL,NULL,NULL,NULL,NULL,NULL,NULL,NULL,NULL,NULL,https://scratch.mit.edu/projects/40813878,
40862180,Ants,Endata,1,0,0,0,0,NULL,NULL,NULL,NULL,NULL,NULL,NULL,NULL,NULL,NULL,NULL,NULL,https://scratch.mit.edu/projects/40862180,
40937008,Water Jetpack remix,MrOmppu,2,0,0,0,0,NULL,NULL,NULL,NULL,NULL,NULL,NULL,NULL,NULL,NULL,NULL,NULL,https://scratch.mit.edu/projects/40937008,
40938070,AWESOME the chat show,Lexy6,1,0,0,0,0,NULL,NULL,NULL,NULL,NULL,NULL,NULL,NULL,NULL,NULL,NULL,NULL,https://scratch.mit.edu/projects/40938070,
40967344,The Button!!!!!!!!!!!!!!!!!!!!!!!!!!!!!!!!!!!!!!!!!!!!!!,Kiwi1234567,1,0,0,0,0,NULL,NULL,NULL,NULL,NULL,NULL,NULL,NULL,NULL,NULL,NULL,NULL,https://scratch.mit.edu/projects/40967344,
41020876,200 Followers,Sheep_tester,9,0,3,1,0,NULL,NULL,NULL,NULL,NULL,NULL,NULL,NULL,NULL,NULL,NULL,NULL,https://scratch.mit.edu/projects/41020876,
41060588,How To Make Five Nights not scary V.2 remix,Zanekitty,1,0,0,0,0,NULL,NULL,NULL,NULL,NULL,NULL,NULL,NULL,NULL,NULL,NULL,NULL,https://scratch.mit.edu/projects/41060588,
41167506,ICA,ninjadavid10,1,0,1,0,0,NULL,NULL,NULL,NULL,NULL,NULL,NULL,NULL,NULL,NULL,NULL,NULL,https://scratch.mit.edu/projects/41167506,
41191900,I can make a cake!,bakerstreet444,11,1,0,0,0,NULL,NULL,NULL,NULL,NULL,NULL,NULL,NULL,NULL,NULL,NULL,NULL,https://scratch.mit.edu/projects/41191900,
41283078,THE ADVENTURES OF [Content Deleted],SuperJoshiDuff,2,0,0,0,0,NULL,NULL,NULL,NULL,NULL,NULL,NULL,NULL,NULL,NULL,NULL,NULL,https://scratch.mit.edu/projects/41283078,
41350062,Untitled-52,g906,1,0,0,0,0,NULL,NULL,NULL,NULL,NULL,NULL,NULL,NULL,NULL,NULL,NULL,NULL,https://scratch.mit.edu/projects/41350062,
41359706,射殺Scratch,sstteeeenn05,1,0,0,0,0,NULL,NULL,NULL,NULL,NULL,NULL,NULL,NULL,NULL,NULL,NULL,NULL,https://scratch.mit.edu/projects/41359706,
41410852,Untitled-2,colto3546,1,0,0,0,0,NULL,NULL,NULL,NULL,NULL,NULL,NULL,NULL,NULL,NULL,NULL,NULL,https://scratch.mit.edu/projects/41410852,
41440772,Windows 3.1 installer remix,OwenMacPC,12,0,0,0,0,NULL,NULL,NULL,NULL,NULL,NULL,NULL,NULL,NULL,NULL,NULL,NULL,https://scratch.mit.edu/projects/41440772,
41484116,2017 countdown (2017년 카운트다운),andy0210,1,0,0,0,0,NULL,NULL,NULL,NULL,NULL,NULL,NULL,NULL,NULL,NULL,NULL,NULL,https://scratch.mit.edu/projects/41484116,
41582060,ship,DanielRocks999,1,0,1,1,0,NULL,NULL,NULL,NULL,NULL,NULL,NULL,NULL,NULL,NULL,NULL,NULL,https://scratch.mit.edu/projects/41582060,
41638360,kosmiczny kot,ajsza,1,0,0,0,0,NULL,NULL,NULL,NULL,NULL,NULL,NULL,NULL,NULL,NULL,NULL,NULL,https://scratch.mit.edu/projects/41638360,
41675042,Janet the racehorse,madeleinejoy,1,0,0,0,0,NULL,NULL,NULL,NULL,NULL,NULL,NULL,NULL,NULL,NULL,NULL,NULL,https://scratch.mit.edu/projects/41675042,
41677014,Chapter 2 - best friends,madeleinejoy,1,0,0,0,0,NULL,NULL,NULL,NULL,NULL,NULL,NULL,NULL,NULL,NULL,NULL,NULL,https://scratch.mit.edu/projects/41677014,
41686914,Untitled,RavenderDragon,2,0,0,0,0,NULL,NULL,NULL,NULL,NULL,NULL,NULL,NULL,NULL,NULL,NULL,NULL,https://scratch.mit.edu/projects/41686914,
41762236,다각형 그리기,moomin0731,1,0,0,0,0,NULL,NULL,NULL,NULL,NULL,NULL,NULL,NULL,NULL,NULL,NULL,NULL,https://scratch.mit.edu/projects/41762236,
42051658,Untitled-11,anme1112,1,0,0,0,0,NULL,NULL,NULL,NULL,NULL,NULL,NULL,NULL,NULL,NULL,NULL,NULL,https://scratch.mit.edu/projects/42051658,
42071848,Stock Generator,17hammej,1,0,0,0,0,NULL,NULL,NULL,NULL,NULL,NULL,NULL,NULL,NULL,NULL,NULL,NULL,https://scratch.mit.edu/projects/42071848,
42182900,ping pong,ypsva,1,0,0,0,0,NULL,NULL,NULL,NULL,NULL,NULL,NULL,NULL,NULL,NULL,NULL,NULL,https://scratch.mit.edu/projects/42182900,
42185138,HAPPY EID EVERYONE!!!!J,ypsva,5,0,0,0,0,NULL,NULL,NULL,NULL,NULL,NULL,NULL,NULL,NULL,NULL,NULL,NULL,https://scratch.mit.edu/projects/42185138,
42201082,World Circuit Racers Season Qualifiers,Evolve123,1,0,0,0,0,NULL,NULL,NULL,NULL,NULL,NULL,NULL,NULL,NULL,NULL,NULL,NULL,https://scratch.mit.edu/projects/42201082,
42477182,Untitled-5,sfloganp1,1,0,0,0,0,NULL,NULL,NULL,NULL,NULL,NULL,NULL,NULL,NULL,NULL,NULL,NULL,https://scratch.mit.edu/projects/42477182,
42478168,The rolling seas,joebob64,1,0,1,1,0,NULL,NULL,NULL,NULL,NULL,NULL,NULL,NULL,NULL,NULL,NULL,NULL,https://scratch.mit.edu/projects/42478168,
42549672,Untitled-2,togno,1,0,0,0,0,NULL,NULL,NULL,NULL,NULL,NULL,NULL,NULL,NULL,NULL,NULL,NULL,https://scratch.mit.edu/projects/42549672,
42573920,Cookie Clicker,discohsmiley888,49,0,4,3,0,NULL,NULL,NULL,NULL,NULL,NULL,NULL,NULL,NULL,NULL,NULL,NULL,https://scratch.mit.edu/projects/42573920,
42691654,Migles Name Show,miglej,1,0,1,1,0,NULL,NULL,NULL,NULL,NULL,NULL,NULL,NULL,NULL,NULL,NULL,NULL,https://scratch.mit.edu/projects/42691654,
42845138, Don't totch the DRAGON!,itchybarn,1,0,0,0,0,NULL,NULL,NULL,NULL,NULL,NULL,NULL,NULL,NULL,NULL,NULL,NULL,https://scratch.mit.edu/projects/42845138,
43265136,Marinet,Zoey20,2,0,0,0,0,NULL,NULL,NULL,NULL,NULL,NULL,NULL,NULL,NULL,NULL,NULL,NULL,https://scratch.mit.edu/projects/43265136,
43268864, FLOWEY!!!!!!!!!!!!!!!!!!!!!!!!!!!!!!!!!!,Zoey20,3,0,0,0,0,NULL,NULL,NULL,NULL,NULL,NULL,NULL,NULL,NULL,NULL,NULL,NULL,https://scratch.mit.edu/projects/43268864,
43330140,Untitled-4,12kinge,1,0,0,0,0,NULL,NULL,NULL,NULL,NULL,NULL,NULL,NULL,NULL,NULL,NULL,NULL,https://scratch.mit.edu/projects/43330140,
43482724,drum set,ul3codentc,2,0,0,0,0,NULL,NULL,NULL,NULL,NULL,NULL,NULL,NULL,NULL,NULL,NULL,NULL,https://scratch.mit.edu/projects/43482724,
43489824,Ocean Pong,OctopusMan8,1,0,0,0,0,NULL,NULL,NULL,NULL,NULL,NULL,NULL,NULL,NULL,NULL,NULL,NULL,https://scratch.mit.edu/projects/43489824,
43520618,Konfetti-shooter,Mari_023,1,0,1,1,0,NULL,NULL,NULL,NULL,NULL,NULL,NULL,NULL,NULL,NULL,NULL,NULL,https://scratch.mit.edu/projects/43520618,
43593734,The Sky Fall. :D,Scratch-Girl1,1,0,1,1,0,NULL,NULL,NULL,NULL,NULL,NULL,NULL,NULL,NULL,NULL,NULL,NULL,https://scratch.mit.edu/projects/43593734,
43640788,spiral,zekeattack,1,0,0,0,0,NULL,NULL,NULL,NULL,NULL,NULL,NULL,NULL,NULL,NULL,NULL,NULL,https://scratch.mit.edu/projects/43640788,
43687954,Shape Generator,ThePigMaker,1,0,0,0,0,NULL,NULL,NULL,NULL,NULL,NULL,NULL,NULL,NULL,NULL,NULL,NULL,https://scratch.mit.edu/projects/43687954,
43723716,Maze,Sads123,117,2,1,1,0,NULL,NULL,NULL,NULL,NULL,NULL,NULL,NULL,NULL,NULL,NULL,NULL,https://scratch.mit.edu/projects/43723716,
43764712,Cave Escape! remix,niki4nature,3,0,0,0,0,NULL,NULL,NULL,NULL,NULL,NULL,NULL,NULL,NULL,NULL,NULL,NULL,https://scratch.mit.edu/projects/43764712,
43904978,Scratch Letters,Scratch-Girl1,1,0,0,1,0,NULL,NULL,NULL,NULL,NULL,NULL,NULL,NULL,NULL,NULL,NULL,NULL,https://scratch.mit.edu/projects/43904978,
43938008,Get the... ,EGeiman,2,0,0,0,0,NULL,NULL,NULL,NULL,NULL,NULL,NULL,NULL,NULL,NULL,NULL,NULL,https://scratch.mit.edu/projects/43938008,
43940108,Question Game,EGeiman,1,0,0,0,0,NULL,NULL,NULL,NULL,NULL,NULL,NULL,NULL,NULL,NULL,NULL,NULL,https://scratch.mit.edu/projects/43940108,
